{"question1": {"en": {"minilmv2": 0.5778305530548096, "electrabase": 3.5718469619750977, "minilmv2multilingual": 2.3927597999572754, "bge": 18.644563674926758, "jina": 16.533087968826294}, "it": {"minilmv2": 0.8161232471466064, "electrabase": 5.9561851024627686, "minilmv2multilingual": 2.0089948177337646, "bge": 13.88662314414978, "jina": 13.158695459365845}, "de": {"minilmv2": 0.9615128040313721, "electrabase": 4.692548036575317, "minilmv2multilingual": 2.405855417251587, "bge": 17.81986975669861, "jina": 13.015135049819946}, "es": {"minilmv2": 0.6821916103363037, "electrabase": 5.228906631469727, "minilmv2multilingual": 3.583158254623413, "bge": 23.530404090881348, "jina": 12.937693357467651}, "fr": {"minilmv2": 0.6543412208557129, "electrabase": 4.7331366539001465, "minilmv2multilingual": 3.0344371795654297, "bge": 19.539486169815063, "jina": 15.276389360427856}, "id": {"minilmv2": 0.6666696071624756, "electrabase": 4.191940546035767, "minilmv2multilingual": 1.842250108718872, "bge": 12.738967895507812, "jina": 11.623090505599976}, "ja": {"minilmv2": 0.6784012317657471, "electrabase": 4.217588663101196, "minilmv2multilingual": 1.744349718093872, "bge": 13.059378147125244, "jina": 11.20955491065979}, "ko": {"minilmv2": 0.753878116607666, "electrabase": 4.285625696182251, "minilmv2multilingual": 1.598421573638916, "bge": 11.499460458755493, "jina": 10.734378576278687}, "nl": {"minilmv2": 0.7818818092346191, "electrabase": 4.147134304046631, "minilmv2multilingual": 1.883577823638916, "bge": 15.372239589691162, "jina": 14.234889030456543}, "pl": {"minilmv2": 0.6343958377838135, "electrabase": 4.079833269119263, "minilmv2multilingual": 1.918175220489502, "bge": 14.100976467132568, "jina": 11.90444278717041}, "tr": {"minilmv2": 0.6969327926635742, "electrabase": 4.36247444152832, "minilmv2multilingual": 1.7863714694976807, "bge": 12.048689126968384, "jina": 10.29382038116455}}, "question2": {"en": {"minilmv2": 0.5103368759155273, "electrabase": 3.988065719604492, "minilmv2multilingual": 2.218764066696167, "bge": 13.663929224014282, "jina": 12.146320343017578}, "it": {"minilmv2": 0.669055700302124, "electrabase": 4.306438446044922, "minilmv2multilingual": 2.0186734199523926, "bge": 14.125397682189941, "jina": 12.693030834197998}, "de": {"minilmv2": 0.9307940006256104, "electrabase": 5.702576160430908, "minilmv2multilingual": 2.3971457481384277, "bge": 16.614593029022217, "jina": 14.643181800842285}, "es": {"minilmv2": 0.5937275886535645, "electrabase": 4.1521689891815186, "minilmv2multilingual": 1.9651157855987549, "bge": 22.299825191497803, "jina": 16.96873712539673}, "fr": {"minilmv2": 0.6491038799285889, "electrabase": 4.9112708568573, "minilmv2multilingual": 2.106616973876953, "bge": 15.881385803222656, "jina": 15.42815113067627}, "id": {"minilmv2": 0.8162622451782227, "electrabase": 4.710172414779663, "minilmv2multilingual": 1.7924442291259766, "bge": 12.405297040939331, "jina": 11.808891773223877}, "ja": {"minilmv2": 0.7773363590240479, "electrabase": 4.453482389450073, "minilmv2multilingual": 1.9783728122711182, "bge": 14.486959218978882, "jina": 12.8080153465271}, "ko": {"minilmv2": 0.5941269397735596, "electrabase": 4.230857849121094, "minilmv2multilingual": 2.0598840713500977, "bge": 15.798049211502075, "jina": 13.500340938568115}, "nl": {"minilmv2": 0.5991029739379883, "electrabase": 4.103819847106934, "minilmv2multilingual": 1.9174954891204834, "bge": 16.188156366348267, "jina": 14.862566232681274}, "pl": {"minilmv2": 0.7725427150726318, "electrabase": 6.466921329498291, "minilmv2multilingual": 4.284449815750122, "bge": 17.941958904266357, "jina": 12.58244013786316}, "tr": {"minilmv2": 0.598074197769165, "electrabase": 4.3590826988220215, "minilmv2multilingual": 2.3982951641082764, "bge": 19.434102535247803, "jina": 14.83360743522644}}, "question3": {"en": {"minilmv2": 0.615462064743042, "electrabase": 3.7556538581848145, "minilmv2multilingual": 1.8484313488006592, "bge": 13.484219789505005, "jina": 11.860638618469238}, "it": {"minilmv2": 0.617457389831543, "electrabase": 4.2327423095703125, "minilmv2multilingual": 2.050469398498535, "bge": 14.846757411956787, "jina": 10.53923511505127}, "de": {"minilmv2": 0.7461724281311035, "electrabase": 4.643063545227051, "minilmv2multilingual": 2.2076196670532227, "bge": 20.338566064834595, "jina": 14.069568157196045}, "es": {"minilmv2": 1.1913206577301025, "electrabase": 9.307639122009277, "minilmv2multilingual": 3.786860227584839, "bge": 22.377508640289307, "jina": 15.787132740020752}, "fr": {"minilmv2": 0.6461043357849121, "electrabase": 4.184014558792114, "minilmv2multilingual": 2.2821943759918213, "bge": 21.611655473709106, "jina": 14.525663614273071}, "id": {"minilmv2": 1.1047801971435547, "electrabase": 8.009805679321289, "minilmv2multilingual": 4.031980037689209, "bge": 19.982518196105957, "jina": 14.607709169387817}, "ja": {"minilmv2": 0.7554125785827637, "electrabase": 5.66321873664856, "minilmv2multilingual": 2.533257484436035, "bge": 16.252629041671753, "jina": 11.926759719848633}, "ko": {"minilmv2": 0.6595337390899658, "electrabase": 7.974249601364136, "minilmv2multilingual": 2.357032537460327, "bge": 20.44018244743347, "jina": 13.110206842422485}, "nl": {"minilmv2": 0.579709529876709, "electrabase": 7.317277669906616, "minilmv2multilingual": 2.4292383193969727, "bge": 18.75874924659729, "jina": 14.506085872650146}, "pl": {"minilmv2": 1.122880458831787, "electrabase": 6.208914518356323, "minilmv2multilingual": 2.777397632598877, "bge": 15.702290773391724, "jina": 12.474636554718018}, "tr": {"minilmv2": 1.3663325309753418, "electrabase": 4.7257726192474365, "minilmv2multilingual": 2.5800397396087646, "bge": 19.462096691131592, "jina": 15.246500015258789}}, "question4": {"en": {"minilmv2": 0.48374056816101074, "electrabase": 4.136730909347534, "minilmv2multilingual": 2.128138542175293, "bge": 14.760666131973267, "jina": 13.175206899642944}, "it": {"minilmv2": 0.7294068336486816, "electrabase": 3.981189727783203, "minilmv2multilingual": 1.9739019870758057, "bge": 14.736569881439209, "jina": 13.758350610733032}, "de": {"minilmv2": 0.5559256076812744, "electrabase": 4.026839733123779, "minilmv2multilingual": 1.9825680255889893, "bge": 16.66667938232422, "jina": 14.167428970336914}, "es": {"minilmv2": 0.6025903224945068, "electrabase": 4.486953496932983, "minilmv2multilingual": 2.027700424194336, "bge": 18.890122890472412, "jina": 16.71646809577942}, "fr": {"minilmv2": 0.6086742877960205, "electrabase": 4.505171060562134, "minilmv2multilingual": 2.0440611839294434, "bge": 15.655292987823486, "jina": 15.147024631500244}, "id": {"minilmv2": 0.6093389987945557, "electrabase": 4.2963151931762695, "minilmv2multilingual": 2.0659971237182617, "bge": 14.696907043457031, "jina": 11.384342670440674}, "ja": {"minilmv2": 1.0448198318481445, "electrabase": 5.176955699920654, "minilmv2multilingual": 1.9166464805603027, "bge": 15.880455493927002, "jina": 13.187916278839111}, "ko": {"minilmv2": 0.6000411510467529, "electrabase": 4.555635929107666, "minilmv2multilingual": 1.9415674209594727, "bge": 12.8480064868927, "jina": 10.971248865127563}, "nl": {"minilmv2": 1.3219213485717773, "electrabase": 5.143826007843018, "minilmv2multilingual": 3.0751724243164062, "bge": 18.896131992340088, "jina": 14.689751148223877}, "pl": {"minilmv2": 1.169276475906372, "electrabase": 5.789508104324341, "minilmv2multilingual": 2.208470582962036, "bge": 19.665109157562256, "jina": 12.711571455001831}, "tr": {"minilmv2": 0.6039073467254639, "electrabase": 4.092554330825806, "minilmv2multilingual": 2.019608497619629, "bge": 20.993149042129517, "jina": 14.76485800743103}}, "question5": {"en": {"minilmv2": 0.8298006057739258, "electrabase": 4.605769872665405, "minilmv2multilingual": 2.302841901779175, "bge": 17.435627460479736, "jina": 12.337648630142212}, "it": {"minilmv2": 0.5448455810546875, "electrabase": 4.2517454624176025, "minilmv2multilingual": 2.1235110759735107, "bge": 14.49334979057312, "jina": 11.628276586532593},